01,NI,00000100001,1,10015,NULL,3.0,NULL,NULL,NULL,NULL,NULL,0.0,NULL,NULL,NULL,NULL,NULL,NULL,NULL,NULL,NULL,,NULL,NULL,NULL,NULL,NULL,NULL,01,NULL,NULL,NULL,NULL,NULL,NULL,NULL,CARTUCHO DE TINTA PARA IMPRESORA EPSON “CYAN”,NULL,NULL,NULL,NULL,NULL,NULL,UN,NULL,,,0.0,01,NI,00000100001,1,10015,0.0,01,10015,1.0000
01,NI,00000100001,2,10016,NULL,2.0,NULL,NULL,NULL,NULL,NULL,0.0,NULL,NULL,NULL,NULL,NULL,NULL,NULL,NULL,NULL,,NULL,NULL,NULL,NULL,NULL,NULL,01,NULL,NULL,NULL,NULL,NULL,NULL,NULL,CARTUCHO DE TINTA PARA IMPRESORA EPSON “AMARILLO”,NULL,NULL,NULL,NULL,NULL,NULL,UN,NULL,,,0.0,01,NI,00000100001,2,10016,0.0,01,10016,1.0000
01,NI,00000100001,3,10018,NULL,2.0,NULL,NULL,NULL,NULL,NULL,0.0,NULL,NULL,NULL,NULL,NULL,NULL,NULL,NULL,NULL,,NULL,NULL,NULL,NULL,NULL,NULL,01,NULL,NULL,NULL,NULL,NULL,NULL,NULL,CARTUCHO DE TINTA PARA IMPRESORA EPSON “NEGRO”,NULL,NULL,NULL,NULL,NULL,NULL,UN,NULL,,,0.0,01,NI,00000100001,3,10018,0.0,01,10018,1.0000
01,NI,00000100001,4,10024,NULL,1.0,NULL,NULL,NULL,NULL,NULL,0.0,NULL,NULL,NULL,NULL,NULL,NULL,NULL,NULL,NULL,,NULL,NULL,NULL,NULL,NULL,NULL,01,NULL,NULL,NULL,NULL,NULL,NULL,NULL,TONER PARA IMPRESORA SAMSUNG,NULL,NULL,NULL,NULL,NULL,NULL,UN,NULL,,,0.0,01,NI,00000100001,4,10024,0.0,01,10024,1.0000
01,NI,00000100001,5,10026,NULL,3.0,NULL,NULL,NULL,NULL,NULL,0.0,NULL,NULL,NULL,NULL,NULL,NULL,NULL,NULL,NULL,,NULL,NULL,NULL,NULL,NULL,NULL,01,NULL,NULL,NULL,NULL,NULL,NULL,NULL,CINTA PARA IMPRESORA DE CODIGO DE BARRAS,NULL,NULL,NULL,NULL,NULL,NULL,UN,NULL,,,0.0,01,NI,00000100001,5,10026,0.0,01,10026,1.0000
01,NI,00000100001,6,10027,NULL,14.0,NULL,NULL,NULL,NULL,NULL,0.0,NULL,NULL,NULL,NULL,NULL,NULL,NULL,NULL,NULL,,NULL,NULL,NULL,NULL,NULL,NULL,01,NULL,NULL,NULL,NULL,NULL,NULL,NULL,DISKETTES,NULL,NULL,NULL,NULL,NULL,NULL,UN,NULL,,,0.0,01,NI,00000100001,6,10027,0.0,01,10027,1.0000
01,NI,00000100001,7,10030,NULL,7.0,NULL,NULL,NULL,NULL,NULL,0.0,NULL,NULL,NULL,NULL,NULL,NULL,NULL,NULL,NULL,,NULL,NULL,NULL,NULL,NULL,NULL,01,NULL,NULL,NULL,NULL,NULL,NULL,NULL,MINI CD,NULL,NULL,NULL,NULL,NULL,NULL,UN,NULL,,,0.0,01,NI,00000100001,7,10030,0.0,01,10030,.0000
01,NI,00000100001,9,10122,NULL,2.0,NULL,NULL,NULL,NULL,NULL,0.0,NULL,NULL,NULL,NULL,NULL,NULL,NULL,NULL,NULL,,NULL,NULL,NULL,NULL,NULL,NULL,01,NULL,NULL,NULL,NULL,NULL,NULL,NULL,FOCO 60 W,NULL,NULL,NULL,NULL,NULL,NULL,UN,NULL,,,0.0,01,NI,00000100001,9,10122,0.0,01,10122,.0000
01,NI,00000100004,1,10254,NULL,2.0,NULL,NULL,NULL,NULL,NULL,0.0,NULL,NULL,NULL,NULL,NULL,NULL,NULL,NULL,NULL,,NULL,NULL,NULL,NULL,NULL,NULL,01,NULL,NULL,NULL,NULL,NULL,NULL,NULL,PEGAMENTO PARA PVC OATEY,NULL,NULL,NULL,NULL,NULL,NULL,UN,NULL,,,0.0,01,NI,00000100004,1,10254,0.0,01,10254,.3330
01,NI,00000100001,10,10254,NULL,1.0,NULL,NULL,NULL,NULL,NULL,0.0,NULL,NULL,NULL,NULL,NULL,NULL,NULL,NULL,NULL,,NULL,NULL,NULL,NULL,NULL,NULL,01,NULL,NULL,NULL,NULL,NULL,NULL,NULL,PEGAMENTO PARA PVC OATEY,NULL,NULL,NULL,NULL,NULL,NULL,UN,NULL,,,0.0,01,NI,00000100001,10,10254,0.0,01,10254,.3330
01,NI,00000100001,11,10342,NULL,407.0,NULL,NULL,NULL,NULL,NULL,0.0,NULL,NULL,NULL,NULL,NULL,NULL,NULL,NULL,NULL,,NULL,NULL,NULL,NULL,NULL,NULL,01,NULL,NULL,NULL,NULL,NULL,NULL,NULL,HIPOCLORITO DE SODIO 10% (INCLUIDO ENVASES) ,NULL,NULL,NULL,NULL,NULL,NULL,UN,NULL,,,0.0,01,NI,00000100001,11,10342,0.0,01,10342,.9639
01,NI,00000100001,12,10343,NULL,53.0,NULL,NULL,NULL,NULL,NULL,0.0,NULL,NULL,NULL,NULL,NULL,NULL,NULL,NULL,NULL,,NULL,NULL,NULL,NULL,NULL,NULL,01,NULL,NULL,NULL,NULL,NULL,NULL,NULL,PERMANGANATO DE POTASIO,NULL,NULL,NULL,NULL,NULL,NULL,UN,NULL,,,0.0,01,NI,00000100001,12,10343,0.0,01,10343,17.2550
01,NI,00000100001,15,10389,NULL,2.5,NULL,NULL,NULL,NULL,NULL,0.0,NULL,NULL,NULL,NULL,NULL,NULL,NULL,NULL,NULL,,NULL,NULL,NULL,NULL,NULL,NULL,01,NULL,NULL,NULL,NULL,NULL,NULL,NULL,ALCOHOL ISOPROPILICO,NULL,NULL,NULL,NULL,NULL,NULL,UN,NULL,,,0.0,01,NI,00000100001,15,10389,0.0,01,10389,1.0000
01,NI,00000100001,16,10410,NULL,42.0,NULL,NULL,NULL,NULL,NULL,0.0,NULL,NULL,NULL,NULL,NULL,NULL,NULL,NULL,NULL,,NULL,NULL,NULL,NULL,NULL,NULL,01,NULL,NULL,NULL,NULL,NULL,NULL,NULL,ESCOBILLAS PLASTICAS,NULL,NULL,NULL,NULL,NULL,NULL,UN,NULL,,,0.0,01,NI,00000100001,16,10410,0.0,01,10410,.0000
01,NI,00000100001,17,10419,NULL,16.0,NULL,NULL,NULL,NULL,NULL,0.0,NULL,NULL,NULL,NULL,NULL,NULL,NULL,NULL,NULL,,NULL,NULL,NULL,NULL,NULL,NULL,01,NULL,NULL,NULL,NULL,NULL,NULL,NULL,JALADORES DE PISO,NULL,NULL,NULL,NULL,NULL,NULL,UN,NULL,,,0.0,01,NI,00000100001,17,10419,0.0,01,10419,12.4950
01,NI,00000100001,18,10424,NULL,8.0,NULL,NULL,NULL,NULL,NULL,0.0,NULL,NULL,NULL,NULL,NULL,NULL,NULL,NULL,NULL,,NULL,NULL,NULL,NULL,NULL,NULL,01,NULL,NULL,NULL,NULL,NULL,NULL,NULL,JABON DE TOCADOR,NULL,NULL,NULL,NULL,NULL,NULL,UN,NULL,,,0.0,01,NI,00000100001,18,10424,0.0,01,10424,1.0000
01,NI,00000100001,19,10427,NULL,20.0,NULL,NULL,NULL,NULL,NULL,0.0,NULL,NULL,NULL,NULL,NULL,NULL,NULL,NULL,NULL,,NULL,NULL,NULL,NULL,NULL,NULL,01,NULL,NULL,NULL,NULL,NULL,NULL,NULL,JABON LIQUIDO KIMBERLY KLARK,NULL,NULL,NULL,NULL,NULL,NULL,UN,NULL,,,0.0,01,NI,00000100001,19,10427,0.0,01,10427,1.0000
01,NI,00000100002,1,10505,NULL,7.0,NULL,NULL,NULL,NULL,NULL,0.0,NULL,NULL,NULL,NULL,NULL,NULL,NULL,NULL,NULL,,NULL,NULL,NULL,NULL,NULL,NULL,01,NULL,NULL,NULL,NULL,NULL,NULL,NULL,CINTA VULCANIZANTE,NULL,NULL,NULL,NULL,NULL,NULL,UN,NULL,,,0.0,01,NI,00000100002,1,10505,0.0,01,10505,28.0000
01,NI,00000100002,3,10511,NULL,3.0,NULL,NULL,NULL,NULL,NULL,0.0,NULL,NULL,NULL,NULL,NULL,NULL,NULL,NULL,NULL,,NULL,NULL,NULL,NULL,NULL,NULL,01,NULL,NULL,NULL,NULL,NULL,NULL,NULL,CINTA MASKING TAPE,NULL,NULL,NULL,NULL,NULL,NULL,UN,NULL,,,0.0,01,NI,00000100002,3,10511,0.0,01,10511,.0000
01,NI,00000100002,4,10514,NULL,12.0,NULL,NULL,NULL,NULL,NULL,0.0,NULL,NULL,NULL,NULL,NULL,NULL,NULL,NULL,NULL,,NULL,NULL,NULL,NULL,NULL,NULL,01,NULL,NULL,NULL,NULL,NULL,NULL,NULL,SILICONA BLANCA EN CONO,NULL,NULL,NULL,NULL,NULL,NULL,UN,NULL,,,0.0,01,NI,00000100002,4,10514,0.0,01,10514,.1670
01,NI,00000100002,5,10515,NULL,8.0,NULL,NULL,NULL,NULL,NULL,0.0,NULL,NULL,NULL,NULL,NULL,NULL,NULL,NULL,NULL,,NULL,NULL,NULL,NULL,NULL,NULL,01,NULL,NULL,NULL,NULL,NULL,NULL,NULL,SILICONA TRANSPARENTE EN CONO,NULL,NULL,NULL,NULL,NULL,NULL,UN,NULL,,,0.0,01,NI,00000100002,5,10515,0.0,01,10515,.1670
01,NI,00000100002,6,10632,NULL,2.0,NULL,NULL,NULL,NULL,NULL,0.0,NULL,NULL,NULL,NULL,NULL,NULL,NULL,NULL,NULL,,NULL,NULL,NULL,NULL,NULL,NULL,01,NULL,NULL,NULL,NULL,NULL,NULL,NULL,LACA SELLADORA - ANYPSA,NULL,NULL,NULL,NULL,NULL,NULL,UN,NULL,,,0.0,01,NI,00000100002,6,10632,0.0,01,10632,1.0000
01,NI,00000100002,10,10727,NULL,43.0,NULL,NULL,NULL,NULL,NULL,0.0,NULL,NULL,NULL,NULL,NULL,NULL,NULL,NULL,NULL,,NULL,NULL,NULL,NULL,NULL,NULL,01,NULL,NULL,NULL,NULL,NULL,NULL,NULL,PANERAS AZULES,NULL,NULL,NULL,NULL,NULL,NULL,UN,NULL,,,0.0,01,NI,00000100002,10,10727,0.0,01,10727,1.0000
01,NI,00000100002,11,10729,NULL,48.0,NULL,NULL,NULL,NULL,NULL,0.0,NULL,NULL,NULL,NULL,NULL,NULL,NULL,NULL,NULL,,NULL,NULL,NULL,NULL,NULL,NULL,01,NULL,NULL,NULL,NULL,NULL,NULL,NULL,PANERAS CREMAS,NULL,NULL,NULL,NULL,NULL,NULL,UN,NULL,,,0.0,01,NI,00000100002,11,10729,0.0,01,10729,.2300
01,NI,00000100002,12,10731,NULL,7.0,NULL,NULL,NULL,NULL,NULL,0.0,NULL,NULL,NULL,NULL,NULL,NULL,NULL,NULL,NULL,,NULL,NULL,NULL,NULL,NULL,NULL,01,NULL,NULL,NULL,NULL,NULL,NULL,NULL,PANERAS ROJAS,NULL,NULL,NULL,NULL,NULL,NULL,UN,NULL,,,0.0,01,NI,00000100002,12,10731,0.0,01,10731,1.8000
01,NI,00000100002,13,10743,NULL,1.0,NULL,NULL,NULL,NULL,NULL,0.0,NULL,NULL,NULL,NULL,NULL,NULL,NULL,NULL,NULL,,NULL,NULL,NULL,NULL,NULL,NULL,01,NULL,NULL,NULL,NULL,NULL,NULL,NULL,VERNIER PLASTICO,NULL,NULL,NULL,NULL,NULL,NULL,UN,NULL,,,0.0,01,NI,00000100002,13,10743,0.0,01,10743,.0000
01,NI,00000100005,1,10745,NULL,1.0,NULL,NULL,NULL,NULL,NULL,0.0,NULL,NULL,NULL,NULL,NULL,NULL,NULL,NULL,NULL,,NULL,NULL,NULL,NULL,NULL,NULL,01,NULL,NULL,NULL,NULL,NULL,NULL,NULL,CAJA TECNOPORD CHICA,NULL,NULL,NULL,NULL,NULL,NULL,UN,NULL,,,0.0,01,NI,00000100005,1,10745,0.0,01,10745,.0000
01,NI,00000100006,1,10745,NULL,1.0,NULL,NULL,NULL,NULL,NULL,0.0,NULL,NULL,NULL,NULL,NULL,NULL,NULL,NULL,NULL,,NULL,NULL,NULL,NULL,NULL,NULL,01,NULL,NULL,NULL,NULL,NULL,NULL,NULL,CAJA TECNOPORD CHICA,NULL,NULL,NULL,NULL,NULL,NULL,UN,NULL,,,0.0,01,NI,00000100006,1,10745,0.0,01,10745,.0000
01,NI,00000100002,14,10750,NULL,100.0,NULL,NULL,NULL,NULL,NULL,0.0,NULL,NULL,NULL,NULL,NULL,NULL,NULL,NULL,NULL,,NULL,NULL,NULL,NULL,NULL,NULL,01,NULL,NULL,NULL,NULL,NULL,NULL,NULL,SAL YODADA,NULL,NULL,NULL,NULL,NULL,NULL,UN,NULL,,,0.0,01,NI,00000100002,14,10750,0.0,01,10750,.0000
01,NI,00000100002,16,10823,NULL,1400.0,NULL,NULL,NULL,NULL,NULL,0.0,NULL,NULL,NULL,NULL,NULL,NULL,NULL,NULL,NULL,,NULL,NULL,NULL,NULL,NULL,NULL,01,NULL,NULL,NULL,NULL,NULL,NULL,NULL,BOLSAS PARA BASURA 20 X 30,NULL,NULL,NULL,NULL,NULL,NULL,UN,NULL,,,0.0,01,NI,00000100002,16,10823,0.0,01,10823,.0010
01,NI,00000100002,17,10829,NULL,200.0,NULL,NULL,NULL,NULL,NULL,0.0,NULL,NULL,NULL,NULL,NULL,NULL,NULL,NULL,NULL,,NULL,NULL,NULL,NULL,NULL,NULL,01,NULL,NULL,NULL,NULL,NULL,NULL,NULL,MANDILES TRANSPARENTES,NULL,NULL,NULL,NULL,NULL,NULL,UN,NULL,,,0.0,01,NI,00000100002,17,10829,0.0,01,10829,.0000
01,NI,00000100002,18,10948,NULL,2.0,NULL,NULL,NULL,NULL,NULL,0.0,NULL,NULL,NULL,NULL,NULL,NULL,NULL,NULL,NULL,,NULL,NULL,NULL,NULL,NULL,NULL,01,NULL,NULL,NULL,NULL,NULL,NULL,NULL,CUADERNO ESPIRAL GRANDE,NULL,NULL,NULL,NULL,NULL,NULL,UN,NULL,,,0.0,01,NI,00000100002,18,10948,0.0,01,10948,1.0000
01,NI,00000100003,1,10954,NULL,10.0,NULL,NULL,NULL,NULL,NULL,0.0,NULL,NULL,NULL,NULL,NULL,NULL,NULL,NULL,NULL,,NULL,NULL,NULL,NULL,NULL,NULL,01,NULL,NULL,NULL,NULL,NULL,NULL,NULL,CUADERNO LIBRETA DE NOTAS,NULL,NULL,NULL,NULL,NULL,NULL,UN,NULL,,,0.0,01,NI,00000100003,1,10954,0.0,01,10954,1.0000
01,NI,00000100003,2,10956,NULL,7.0,NULL,NULL,NULL,NULL,NULL,0.0,NULL,NULL,NULL,NULL,NULL,NULL,NULL,NULL,NULL,,NULL,NULL,NULL,NULL,NULL,NULL,01,NULL,NULL,NULL,NULL,NULL,NULL,NULL,FOLDER PALANCA CHICO,NULL,NULL,NULL,NULL,NULL,NULL,UN,NULL,,,0.0,01,NI,00000100003,2,10956,0.0,01,10956,.0000
01,NI,00000100003,3,10961,NULL,150.0,NULL,NULL,NULL,NULL,NULL,0.0,NULL,NULL,NULL,NULL,NULL,NULL,NULL,NULL,NULL,,NULL,NULL,NULL,NULL,NULL,NULL,01,NULL,NULL,NULL,NULL,NULL,NULL,NULL,SOBRE MANILA A4,NULL,NULL,NULL,NULL,NULL,NULL,UN,NULL,,,0.0,01,NI,00000100003,3,10961,0.0,01,10961,.0000
01,NI,00000100003,4,10968,NULL,15.0,NULL,NULL,NULL,NULL,NULL,0.0,NULL,NULL,NULL,NULL,NULL,NULL,NULL,NULL,NULL,,NULL,NULL,NULL,NULL,NULL,NULL,01,NULL,NULL,NULL,NULL,NULL,NULL,NULL,PAPEL CARBON AZUL,NULL,NULL,NULL,NULL,NULL,NULL,UN,NULL,,,0.0,01,NI,00000100003,4,10968,0.0,01,10968,1.0000
01,NI,00000100003,6,10974,NULL,30.0,NULL,NULL,NULL,NULL,NULL,0.0,NULL,NULL,NULL,NULL,NULL,NULL,NULL,NULL,NULL,,NULL,NULL,NULL,NULL,NULL,NULL,01,NULL,NULL,NULL,NULL,NULL,NULL,NULL,MICAS A4,NULL,NULL,NULL,NULL,NULL,NULL,UN,NULL,,,0.0,01,NI,00000100003,6,10974,0.0,01,10974,.0000
01,NI,00000100003,7,10979,NULL,1.0,NULL,NULL,NULL,NULL,NULL,0.0,NULL,NULL,NULL,NULL,NULL,NULL,NULL,NULL,NULL,,NULL,NULL,NULL,NULL,NULL,NULL,01,NULL,NULL,NULL,NULL,NULL,NULL,NULL,CLIP TIPO MARIPOSA X 50,NULL,NULL,NULL,NULL,NULL,NULL,UN,NULL,,,0.0,01,NI,00000100003,7,10979,0.0,01,10979,.0000
01,NI,00000100003,8,10983,NULL,1.0,NULL,NULL,NULL,NULL,NULL,0.0,NULL,NULL,NULL,NULL,NULL,NULL,NULL,NULL,NULL,,NULL,NULL,NULL,NULL,NULL,NULL,01,NULL,NULL,NULL,NULL,NULL,NULL,NULL,GRAMPAS X 5000,NULL,NULL,NULL,NULL,NULL,NULL,UN,NULL,,,0.0,01,NI,00000100003,8,10983,0.0,01,10983,1.0000
01,NI,00000100003,9,10989,NULL,20.0,NULL,NULL,NULL,NULL,NULL,0.0,NULL,NULL,NULL,NULL,NULL,NULL,NULL,NULL,NULL,,NULL,NULL,NULL,NULL,NULL,NULL,01,NULL,NULL,NULL,NULL,NULL,NULL,NULL,LAPICERO AZUL,NULL,NULL,NULL,NULL,NULL,NULL,UN,NULL,,,0.0,01,NI,00000100003,9,10989,0.0,01,10989,.5000
01,NI,00000100003,10,10990,NULL,1.0,NULL,NULL,NULL,NULL,NULL,0.0,NULL,NULL,NULL,NULL,NULL,NULL,NULL,NULL,NULL,,NULL,NULL,NULL,NULL,NULL,NULL,01,NULL,NULL,NULL,NULL,NULL,NULL,NULL,LAPICERO NEGRO,NULL,NULL,NULL,NULL,NULL,NULL,UN,NULL,,,0.0,01,NI,00000100003,10,10990,0.0,01,10990,.0100
01,NI,00000100003,11,10994,NULL,5.0,NULL,NULL,NULL,NULL,NULL,0.0,NULL,NULL,NULL,NULL,NULL,NULL,NULL,NULL,NULL,,NULL,NULL,NULL,NULL,NULL,NULL,01,NULL,NULL,NULL,NULL,NULL,NULL,NULL,RESALTADOR,NULL,NULL,NULL,NULL,NULL,NULL,UN,NULL,,,0.0,01,NI,00000100003,11,10994,0.0,01,10994,1.0000
01,NI,00000100003,12,10998,NULL,1.0,NULL,NULL,NULL,NULL,NULL,0.0,NULL,NULL,NULL,NULL,NULL,NULL,NULL,NULL,NULL,,NULL,NULL,NULL,NULL,NULL,NULL,01,NULL,NULL,NULL,NULL,NULL,NULL,NULL,PLUMON INDELEBLE PUNTA FINA AZUL,NULL,NULL,NULL,NULL,NULL,NULL,UN,NULL,,,0.0,01,NI,00000100003,12,10998,0.0,01,10998,.0000
01,NI,00000100003,13,11025,NULL,6.0,NULL,NULL,NULL,NULL,NULL,0.0,NULL,NULL,NULL,NULL,NULL,NULL,NULL,NULL,NULL,,NULL,NULL,NULL,NULL,NULL,NULL,01,NULL,NULL,NULL,NULL,NULL,NULL,NULL,PEGAMENTO SOLDIMIX,NULL,NULL,NULL,NULL,NULL,NULL,UN,NULL,,,0.0,01,NI,00000100003,13,11025,0.0,01,11025,.0000
01,NI,00000100008,1,11032,NULL,1.0,NULL,NULL,NULL,NULL,NULL,0.0,NULL,NULL,NULL,NULL,NULL,NULL,NULL,NULL,NULL,,NULL,NULL,NULL,NULL,NULL,NULL,01,NULL,NULL,NULL,NULL,NULL,NULL,NULL,CALCULADORA,NULL,NULL,NULL,NULL,NULL,NULL,UN,NULL,,,0.0,01,NI,00000100008,1,11032,0.0,01,11032,1.0000
01,NI,00000100003,14,11076,NULL,72.0,NULL,NULL,NULL,NULL,NULL,0.0,NULL,NULL,NULL,NULL,NULL,NULL,NULL,NULL,NULL,,NULL,NULL,NULL,NULL,NULL,NULL,01,NULL,NULL,NULL,NULL,NULL,NULL,NULL,CUCHARITA DE TE,NULL,NULL,NULL,NULL,NULL,NULL,UN,NULL,,,0.0,01,NI,00000100003,14,11076,0.0,01,11076,.0000
01,NI,00000100003,15,11077,NULL,112.0,NULL,NULL,NULL,NULL,NULL,0.0,NULL,NULL,NULL,NULL,NULL,NULL,NULL,NULL,NULL,,NULL,NULL,NULL,NULL,NULL,NULL,01,NULL,NULL,NULL,NULL,NULL,NULL,NULL,CUCHILLO DE MESA,NULL,NULL,NULL,NULL,NULL,NULL,UN,NULL,,,0.0,01,NI,00000100003,15,11077,0.0,01,11077,.0000
01,NI,00000100003,16,11113,NULL,1.0,NULL,NULL,NULL,NULL,NULL,0.0,NULL,NULL,NULL,NULL,NULL,NULL,NULL,NULL,NULL,,NULL,NULL,NULL,NULL,NULL,NULL,01,NULL,NULL,NULL,NULL,NULL,NULL,NULL,CINTILLO PLASTICO 10CM - TRANSPARENTE,NULL,NULL,NULL,NULL,NULL,NULL,UN,NULL,,,0.0,01,NI,00000100003,16,11113,0.0,01,11113,.0000
02,NI,00000100001,1,10015,NULL,1.0,NULL,NULL,NULL,NULL,NULL,0.0,NULL,NULL,NULL,NULL,NULL,NULL,NULL,NULL,NULL,,NULL,NULL,NULL,NULL,NULL,NULL,01,NULL,NULL,NULL,NULL,NULL,NULL,NULL,CARTUCHO DE TINTA PARA IMPRESORA EPSON “CYAN”,NULL,NULL,NULL,NULL,NULL,NULL,UN,NULL,,,0.0,02,NI,00000100001,1,10015,0.0,02,10015,1.0000
02,NI,00000100001,2,10023,NULL,1.0,NULL,NULL,NULL,NULL,NULL,0.0,NULL,NULL,NULL,NULL,NULL,NULL,NULL,NULL,NULL,,NULL,NULL,NULL,NULL,NULL,NULL,01,NULL,NULL,NULL,NULL,NULL,NULL,NULL,TONER KX-FA57A / PANASONIC,NULL,NULL,NULL,NULL,NULL,NULL,UN,NULL,,,0.0,02,NI,00000100001,2,10023,0.0,02,10023,.0000
02,NI,00000100001,3,10025,NULL,1.0,NULL,NULL,NULL,NULL,NULL,0.0,NULL,NULL,NULL,NULL,NULL,NULL,NULL,NULL,NULL,,NULL,NULL,NULL,NULL,NULL,NULL,01,NULL,NULL,NULL,NULL,NULL,NULL,NULL,CINTA PARA IMPRESORA MATRICIAL EPSON  LQ - 590.,NULL,NULL,NULL,NULL,NULL,NULL,UN,NULL,,,0.0,02,NI,00000100001,3,10025,0.0,02,10025,.0000
02,NI,00000100001,4,10122,NULL,8.0,NULL,NULL,NULL,NULL,NULL,0.0,NULL,NULL,NULL,NULL,NULL,NULL,NULL,NULL,NULL,,NULL,NULL,NULL,NULL,NULL,NULL,01,NULL,NULL,NULL,NULL,NULL,NULL,NULL,FOCO 60 W,NULL,NULL,NULL,NULL,NULL,NULL,UN,NULL,,,0.0,02,NI,00000100001,4,10122,0.0,02,10122,1.0000
02,NI,00000100001,7,10241,NULL,2.0,NULL,NULL,NULL,NULL,NULL,0.0,NULL,NULL,NULL,NULL,NULL,NULL,NULL,NULL,NULL,,NULL,NULL,NULL,NULL,NULL,NULL,01,NULL,NULL,NULL,NULL,NULL,NULL,NULL,DUCHA TIPO TELEFONO,NULL,NULL,NULL,NULL,NULL,NULL,UN,NULL,,,0.0,02,NI,00000100001,7,10241,0.0,02,10241,.0000
02,NI,00000100001,8,10340,NULL,40.0,NULL,NULL,NULL,NULL,NULL,0.0,NULL,NULL,NULL,NULL,NULL,NULL,NULL,NULL,NULL,,NULL,NULL,NULL,NULL,NULL,NULL,01,NULL,NULL,NULL,NULL,NULL,NULL,NULL,DETERGENTE INDUSTRIAL,NULL,NULL,NULL,NULL,NULL,NULL,UN,NULL,,,0.0,02,NI,00000100001,8,10340,0.0,02,10340,.0670
02,NI,00000100001,9,10341,NULL,8.0,NULL,NULL,NULL,NULL,NULL,0.0,NULL,NULL,NULL,NULL,NULL,NULL,NULL,NULL,NULL,,NULL,NULL,NULL,NULL,NULL,NULL,01,NULL,NULL,NULL,NULL,NULL,NULL,NULL,ACIDO MURIATICO,NULL,NULL,NULL,NULL,NULL,NULL,UN,NULL,,,0.0,02,NI,00000100001,9,10341,0.0,02,10341,.0000
02,NI,00000100001,10,10373,NULL,3.0,NULL,NULL,NULL,NULL,NULL,0.0,NULL,NULL,NULL,NULL,NULL,NULL,NULL,NULL,NULL,,NULL,NULL,NULL,NULL,NULL,NULL,01,NULL,NULL,NULL,NULL,NULL,NULL,NULL,BALDES,NULL,NULL,NULL,NULL,NULL,NULL,UN,NULL,,,0.0,02,NI,00000100001,10,10373,0.0,02,10373,.0000
02,NI,00000100001,11,10378,NULL,30.0,NULL,NULL,NULL,NULL,NULL,0.0,NULL,NULL,NULL,NULL,NULL,NULL,NULL,NULL,NULL,,NULL,NULL,NULL,NULL,NULL,NULL,01,NULL,NULL,NULL,NULL,NULL,NULL,NULL,PAPEL HIGIENICO,NULL,NULL,NULL,NULL,NULL,NULL,UN,NULL,,,0.0,02,NI,00000100001,11,10378,0.0,02,10378,.0000
02,NI,00000100001,12,10379,NULL,14.0,NULL,NULL,NULL,NULL,NULL,0.0,NULL,NULL,NULL,NULL,NULL,NULL,NULL,NULL,NULL,,NULL,NULL,NULL,NULL,NULL,NULL,01,NULL,NULL,NULL,NULL,NULL,NULL,NULL,PAPEL TOALLA,NULL,NULL,NULL,NULL,NULL,NULL,UN,NULL,,,0.0,02,NI,00000100001,12,10379,0.0,02,10379,18.3260
02,NI,00000100001,13,10383,NULL,2.0,NULL,NULL,NULL,NULL,NULL,0.0,NULL,NULL,NULL,NULL,NULL,NULL,NULL,NULL,NULL,,NULL,NULL,NULL,NULL,NULL,NULL,01,NULL,NULL,NULL,NULL,NULL,NULL,NULL,TRAPEADOR,NULL,NULL,NULL,NULL,NULL,NULL,UN,NULL,,,0.0,02,NI,00000100001,13,10383,0.0,02,10383,.0000
02,NI,00000100001,14,10384,NULL,2.0,NULL,NULL,NULL,NULL,NULL,0.0,NULL,NULL,NULL,NULL,NULL,NULL,NULL,NULL,NULL,,NULL,NULL,NULL,NULL,NULL,NULL,01,NULL,NULL,NULL,NULL,NULL,NULL,NULL,RECOGEDOR PLASTICO,NULL,NULL,NULL,NULL,NULL,NULL,UN,NULL,,,0.0,02,NI,00000100001,14,10384,0.0,02,10384,2.3330
02,NI,00000100001,15,10390,NULL,7.0,NULL,NULL,NULL,NULL,NULL,0.0,NULL,NULL,NULL,NULL,NULL,NULL,NULL,NULL,NULL,,NULL,NULL,NULL,NULL,NULL,NULL,01,NULL,NULL,NULL,NULL,NULL,NULL,NULL,ALCOHOL ETILICO DE 96º,NULL,NULL,NULL,NULL,NULL,NULL,UN,NULL,,,0.0,02,NI,00000100001,15,10390,0.0,02,10390,.0830
02,NI,00000100001,16,10391,NULL,71.0,NULL,NULL,NULL,NULL,NULL,0.0,NULL,NULL,NULL,NULL,NULL,NULL,NULL,NULL,NULL,,NULL,NULL,NULL,NULL,NULL,NULL,01,NULL,NULL,NULL,NULL,NULL,NULL,NULL,ESPONJAS SCOTCH BRITE,NULL,NULL,NULL,NULL,NULL,NULL,UN,NULL,,,0.0,02,NI,00000100001,16,10391,0.0,02,10391,.0000
02,NI,00000100001,17,10392,NULL,25.0,NULL,NULL,NULL,NULL,NULL,0.0,NULL,NULL,NULL,NULL,NULL,NULL,NULL,NULL,NULL,,NULL,NULL,NULL,NULL,NULL,NULL,01,NULL,NULL,NULL,NULL,NULL,NULL,NULL,ESPONJAS ABSORVENTES,NULL,NULL,NULL,NULL,NULL,NULL,UN,NULL,,,0.0,02,NI,00000100001,17,10392,0.0,02,10392,.0000
02,NI,00000100001,18,10393,NULL,22.0,NULL,NULL,NULL,NULL,NULL,0.0,NULL,NULL,NULL,NULL,NULL,NULL,NULL,NULL,NULL,,NULL,NULL,NULL,NULL,NULL,NULL,01,NULL,NULL,NULL,NULL,NULL,NULL,NULL,PAÑO MULTIUSOS,NULL,NULL,NULL,NULL,NULL,NULL,UN,NULL,,,0.0,02,NI,00000100001,18,10393,0.0,02,10393,.0000
02,NI,00000100001,19,10407,NULL,4.0,NULL,NULL,NULL,NULL,NULL,0.0,NULL,NULL,NULL,NULL,NULL,NULL,NULL,NULL,NULL,,NULL,NULL,NULL,NULL,NULL,NULL,01,NULL,NULL,NULL,NULL,NULL,NULL,NULL,AMBIENTADOR GLADE TOQUE,NULL,NULL,NULL,NULL,NULL,NULL,UN,NULL,,,0.0,02,NI,00000100001,19,10407,0.0,02,10407,.1670
02,NI,00000100001,20,10421,NULL,4.0,NULL,NULL,NULL,NULL,NULL,0.0,NULL,NULL,NULL,NULL,NULL,NULL,NULL,NULL,NULL,,NULL,NULL,NULL,NULL,NULL,NULL,01,NULL,NULL,NULL,NULL,NULL,NULL,NULL,PINESOL,NULL,NULL,NULL,NULL,NULL,NULL,UN,NULL,,,0.0,02,NI,00000100001,20,10421,0.0,02,10421,1.0000
02,NI,00000100002,1,10423,NULL,3.0,NULL,NULL,NULL,NULL,NULL,0.0,NULL,NULL,NULL,NULL,NULL,NULL,NULL,NULL,NULL,,NULL,NULL,NULL,NULL,NULL,NULL,01,NULL,NULL,NULL,NULL,NULL,NULL,NULL,LIMPIA VIDRIOS LIQUIDO,NULL,NULL,NULL,NULL,NULL,NULL,UN,NULL,,,0.0,02,NI,00000100002,1,10423,0.0,02,10423,.0000
02,NI,00000100002,2,10425,NULL,35.0,NULL,NULL,NULL,NULL,NULL,0.0,NULL,NULL,NULL,NULL,NULL,NULL,NULL,NULL,NULL,,NULL,NULL,NULL,NULL,NULL,NULL,01,NULL,NULL,NULL,NULL,NULL,NULL,NULL,JABON BOLIVAR,NULL,NULL,NULL,NULL,NULL,NULL,UN,NULL,,,0.0,02,NI,00000100002,2,10425,0.0,02,10425,.0000
02,NI,00000100002,3,10508,NULL,20.0,NULL,NULL,NULL,NULL,NULL,0.0,NULL,NULL,NULL,NULL,NULL,NULL,NULL,NULL,NULL,,NULL,NULL,NULL,NULL,NULL,NULL,01,NULL,NULL,NULL,NULL,NULL,NULL,NULL,CINTA AISLANTE NEGRA,NULL,NULL,NULL,NULL,NULL,NULL,UN,NULL,,,0.0,02,NI,00000100002,3,10508,0.0,02,10508,3.0000
02,NI,00000100002,4,10509,NULL,2.0,NULL,NULL,NULL,NULL,NULL,0.0,NULL,NULL,NULL,NULL,NULL,NULL,NULL,NULL,NULL,,NULL,NULL,NULL,NULL,NULL,NULL,01,NULL,NULL,NULL,NULL,NULL,NULL,NULL,CINTA TEFLON,NULL,NULL,NULL,NULL,NULL,NULL,UN,NULL,,,0.0,02,NI,00000100002,4,10509,0.0,02,10509,1.0000
02,NI,00000100002,5,10614,NULL,40.0,NULL,NULL,NULL,NULL,NULL,0.0,NULL,NULL,NULL,NULL,NULL,NULL,NULL,NULL,NULL,,NULL,NULL,NULL,NULL,NULL,NULL,01,NULL,NULL,NULL,NULL,NULL,NULL,NULL,SOLDADURA ELECTRODO PARA FIERRO,NULL,NULL,NULL,NULL,NULL,NULL,UN,NULL,,,0.0,02,NI,00000100002,5,10614,0.0,02,10614,1.0000
02,NI,00000100002,6,10615,NULL,6.0,NULL,NULL,NULL,NULL,NULL,0.0,NULL,NULL,NULL,NULL,NULL,NULL,NULL,NULL,NULL,,NULL,NULL,NULL,NULL,NULL,NULL,01,NULL,NULL,NULL,NULL,NULL,NULL,NULL,TAPA CONICA PARA PANEL,NULL,NULL,NULL,NULL,NULL,NULL,UN,NULL,,,0.0,02,NI,00000100002,6,10615,0.0,02,10615,.0000
02,NI,00000100002,7,10633,NULL,1.0,NULL,NULL,NULL,NULL,NULL,0.0,NULL,NULL,NULL,NULL,NULL,NULL,NULL,NULL,NULL,,NULL,NULL,NULL,NULL,NULL,NULL,01,NULL,NULL,NULL,NULL,NULL,NULL,NULL,PEGAMENTO TEROCAL,NULL,NULL,NULL,NULL,NULL,NULL,UN,NULL,,,0.0,02,NI,00000100002,7,10633,0.0,02,10633,.0000
02,NI,00000100002,8,10731,NULL,100.0,NULL,NULL,NULL,NULL,NULL,0.0,NULL,NULL,NULL,NULL,NULL,NULL,NULL,NULL,NULL,,NULL,NULL,NULL,NULL,NULL,NULL,01,NULL,NULL,NULL,NULL,NULL,NULL,NULL,PANERAS ROJAS,NULL,NULL,NULL,NULL,NULL,NULL,UN,NULL,,,0.0,02,NI,00000100002,8,10731,0.0,02,10731,.0000
02,NI,00000100002,9,10750,NULL,750.0,NULL,NULL,NULL,NULL,NULL,0.0,NULL,NULL,NULL,NULL,NULL,NULL,NULL,NULL,NULL,,NULL,NULL,NULL,NULL,NULL,NULL,01,NULL,NULL,NULL,NULL,NULL,NULL,NULL,SAL YODADA,NULL,NULL,NULL,NULL,NULL,NULL,UN,NULL,,,0.0,02,NI,00000100002,9,10750,0.0,02,10750,.0000
02,NI,00000100002,10,10754,NULL,1.0,NULL,NULL,NULL,NULL,NULL,0.0,NULL,NULL,NULL,NULL,NULL,NULL,NULL,NULL,NULL,,NULL,NULL,NULL,NULL,NULL,NULL,01,NULL,NULL,NULL,NULL,NULL,NULL,NULL,DISPENSADOR DE CINTA DE EMBALAJE,NULL,NULL,NULL,NULL,NULL,NULL,UN,NULL,,,0.0,02,NI,00000100002,10,10754,0.0,02,10754,.0000
02,NI,00000100002,11,10774,NULL,12.0,NULL,NULL,NULL,NULL,NULL,0.0,NULL,NULL,NULL,NULL,NULL,NULL,NULL,NULL,NULL,,NULL,NULL,NULL,NULL,NULL,NULL,01,NULL,NULL,NULL,NULL,NULL,NULL,NULL,OVEROL AZUL “M”,NULL,NULL,NULL,NULL,NULL,NULL,UN,NULL,,,0.0,02,NI,00000100002,11,10774,0.0,02,10774,.0000
02,NI,00000100002,12,10775,NULL,12.0,NULL,NULL,NULL,NULL,NULL,0.0,NULL,NULL,NULL,NULL,NULL,NULL,NULL,NULL,NULL,,NULL,NULL,NULL,NULL,NULL,NULL,01,NULL,NULL,NULL,NULL,NULL,NULL,NULL,OVEROL AZUL “L”,NULL,NULL,NULL,NULL,NULL,NULL,UN,NULL,,,0.0,02,NI,00000100002,12,10775,0.0,02,10775,.0000
02,NI,00000100002,13,10786,NULL,19.0,NULL,NULL,NULL,NULL,NULL,0.0,NULL,NULL,NULL,NULL,NULL,NULL,NULL,NULL,NULL,,NULL,NULL,NULL,NULL,NULL,NULL,01,NULL,NULL,NULL,NULL,NULL,NULL,NULL,BUZO POLAR AZUL MARINO "M",NULL,NULL,NULL,NULL,NULL,NULL,UN,NULL,,,0.0,02,NI,00000100002,13,10786,0.0,02,10786,19.0000
02,NI,00000100002,14,10787,NULL,17.0,NULL,NULL,NULL,NULL,NULL,0.0,NULL,NULL,NULL,NULL,NULL,NULL,NULL,NULL,NULL,,NULL,NULL,NULL,NULL,NULL,NULL,01,NULL,NULL,NULL,NULL,NULL,NULL,NULL,BUZO POLAR AZUL MARINO "L",NULL,NULL,NULL,NULL,NULL,NULL,UN,NULL,,,0.0,02,NI,00000100002,14,10787,0.0,02,10787,1.0000
02,NI,00000100002,15,10799,NULL,56.0,NULL,NULL,NULL,NULL,NULL,0.0,NULL,NULL,NULL,NULL,NULL,NULL,NULL,NULL,NULL,,NULL,NULL,NULL,NULL,NULL,NULL,01,NULL,NULL,NULL,NULL,NULL,NULL,NULL,TOCA DE TELA BLANCO,NULL,NULL,NULL,NULL,NULL,NULL,UN,NULL,,,0.0,02,NI,00000100002,15,10799,0.0,02,10799,.0000
02,NI,00000100002,16,10802,NULL,970.0,NULL,NULL,NULL,NULL,NULL,0.0,NULL,NULL,NULL,NULL,NULL,NULL,NULL,NULL,NULL,,NULL,NULL,NULL,NULL,NULL,NULL,01,NULL,NULL,NULL,NULL,NULL,NULL,NULL,TOCA DESCARTABLES,NULL,NULL,NULL,NULL,NULL,NULL,UN,NULL,,,0.0,02,NI,00000100002,16,10802,0.0,02,10802,.1700
02,NI,00000100002,17,10803,NULL,148.0,NULL,NULL,NULL,NULL,NULL,0.0,NULL,NULL,NULL,NULL,NULL,NULL,NULL,NULL,NULL,,NULL,NULL,NULL,NULL,NULL,NULL,01,NULL,NULL,NULL,NULL,NULL,NULL,NULL,MASCARILLA DE TELA BLANCO,NULL,NULL,NULL,NULL,NULL,NULL,UN,NULL,,,0.0,02,NI,00000100002,17,10803,0.0,02,10803,.0000
02,NI,00000100002,18,10806,NULL,1000.0,NULL,NULL,NULL,NULL,NULL,0.0,NULL,NULL,NULL,NULL,NULL,NULL,NULL,NULL,NULL,,NULL,NULL,NULL,NULL,NULL,NULL,01,NULL,NULL,NULL,NULL,NULL,NULL,NULL,MASCARILLA DESCARTABLES,NULL,NULL,NULL,NULL,NULL,NULL,UN,NULL,,,0.0,02,NI,00000100002,18,10806,0.0,02,10806,.2800
02,NI,00000100002,19,10809,NULL,269.0,NULL,NULL,NULL,NULL,NULL,0.0,NULL,NULL,NULL,NULL,NULL,NULL,NULL,NULL,NULL,,NULL,NULL,NULL,NULL,NULL,NULL,01,NULL,NULL,NULL,NULL,NULL,NULL,NULL,GUANTES QUIRURGICOS,NULL,NULL,NULL,NULL,NULL,NULL,UN,NULL,,,0.0,02,NI,00000100002,19,10809,0.0,02,10809,.0000
02,NI,00000100002,20,10812,NULL,4.0,NULL,NULL,NULL,NULL,NULL,0.0,NULL,NULL,NULL,NULL,NULL,NULL,NULL,NULL,NULL,,NULL,NULL,NULL,NULL,NULL,NULL,01,NULL,NULL,NULL,NULL,NULL,NULL,NULL,GUANTES KOPPA'S “L” - AMARILLO,NULL,NULL,NULL,NULL,NULL,NULL,UN,NULL,,,0.0,02,NI,00000100002,20,10812,0.0,02,10812,1.4140
02,NI,00000100002,21,10813,NULL,860.0,NULL,NULL,NULL,NULL,NULL,0.0,NULL,NULL,NULL,NULL,NULL,NULL,NULL,NULL,NULL,,NULL,NULL,NULL,NULL,NULL,NULL,01,NULL,NULL,NULL,NULL,NULL,NULL,NULL,GUANTES KOPPA'S “M” - AMARILLO,NULL,NULL,NULL,NULL,NULL,NULL,UN,NULL,,,0.0,02,NI,00000100002,21,10813,0.0,02,10813,1.4140
02,NI,00000100002,22,10814,NULL,359.0,NULL,NULL,NULL,NULL,NULL,0.0,NULL,NULL,NULL,NULL,NULL,NULL,NULL,NULL,NULL,,NULL,NULL,NULL,NULL,NULL,NULL,01,NULL,NULL,NULL,NULL,NULL,NULL,NULL,GUANTES KOPPA'S “S” - AMARILLO,NULL,NULL,NULL,NULL,NULL,NULL,UN,NULL,,,0.0,02,NI,00000100002,22,10814,0.0,02,10814,339.2900
02,NI,00000100002,23,10815,NULL,1.0,NULL,NULL,NULL,NULL,NULL,0.0,NULL,NULL,NULL,NULL,NULL,NULL,NULL,NULL,NULL,,NULL,NULL,NULL,NULL,NULL,NULL,01,NULL,NULL,NULL,NULL,NULL,NULL,NULL,GUANTES NEGRO DE LANA,NULL,NULL,NULL,NULL,NULL,NULL,UN,NULL,,,0.0,02,NI,00000100002,23,10815,0.0,02,10815,.0000
02,NI,00000100002,24,10816,NULL,10.0,NULL,NULL,NULL,NULL,NULL,0.0,NULL,NULL,NULL,NULL,NULL,NULL,NULL,NULL,NULL,,NULL,NULL,NULL,NULL,NULL,NULL,01,NULL,NULL,NULL,NULL,NULL,NULL,NULL,GUANTES ROJOS DE LANA,NULL,NULL,NULL,NULL,NULL,NULL,UN,NULL,,,0.0,02,NI,00000100002,24,10816,0.0,02,10816,.0000
02,NI,00000100002,25,10817,NULL,1.0,NULL,NULL,NULL,NULL,NULL,0.0,NULL,NULL,NULL,NULL,NULL,NULL,NULL,NULL,NULL,,NULL,NULL,NULL,NULL,NULL,NULL,01,NULL,NULL,NULL,NULL,NULL,NULL,NULL,CHULLOS DE LANA AZUL,NULL,NULL,NULL,NULL,NULL,NULL,UN,NULL,,,0.0,02,NI,00000100002,25,10817,0.0,02,10817,1.0000
02,NI,00000100002,26,10818,NULL,3.0,NULL,NULL,NULL,NULL,NULL,0.0,NULL,NULL,NULL,NULL,NULL,NULL,NULL,NULL,NULL,,NULL,NULL,NULL,NULL,NULL,NULL,01,NULL,NULL,NULL,NULL,NULL,NULL,NULL,VINCHAS BLANCAS ,NULL,NULL,NULL,NULL,NULL,NULL,UN,NULL,,,0.0,02,NI,00000100002,26,10818,0.0,02,10818,1.0000
02,NI,00000100002,27,10819,NULL,14.0,NULL,NULL,NULL,NULL,NULL,0.0,NULL,NULL,NULL,NULL,NULL,NULL,NULL,NULL,NULL,,NULL,NULL,NULL,NULL,NULL,NULL,01,NULL,NULL,NULL,NULL,NULL,NULL,NULL,VINCHAS AZULES,NULL,NULL,NULL,NULL,NULL,NULL,UN,NULL,,,0.0,02,NI,00000100002,27,10819,0.0,02,10819,1.0000
02,NI,00000100002,28,10820,NULL,674.0,NULL,NULL,NULL,NULL,NULL,0.0,NULL,NULL,NULL,NULL,NULL,NULL,NULL,NULL,NULL,,NULL,NULL,NULL,NULL,NULL,NULL,01,NULL,NULL,NULL,NULL,NULL,NULL,NULL,MANGAS PLASTICAS,NULL,NULL,NULL,NULL,NULL,NULL,UN,NULL,,,0.0,02,NI,00000100002,28,10820,0.0,02,10820,.0020
02,NI,00000100002,29,10821,NULL,39.0,NULL,NULL,NULL,NULL,NULL,0.0,NULL,NULL,NULL,NULL,NULL,NULL,NULL,NULL,NULL,,NULL,NULL,NULL,NULL,NULL,NULL,01,NULL,NULL,NULL,NULL,NULL,NULL,NULL,BOLSAS PARA BASURA 140Lt.,NULL,NULL,NULL,NULL,NULL,NULL,UN,NULL,,,0.0,02,NI,00000100002,29,10821,0.0,02,10821,1.0000
02,NI,00000100002,30,10822,NULL,900.0,NULL,NULL,NULL,NULL,NULL,0.0,NULL,NULL,NULL,NULL,NULL,NULL,NULL,NULL,NULL,,NULL,NULL,NULL,NULL,NULL,NULL,01,NULL,NULL,NULL,NULL,NULL,NULL,NULL,BOLSAS PARA BASURA 26 X 40,NULL,NULL,NULL,NULL,NULL,NULL,UN,NULL,,,0.0,02,NI,00000100002,30,10822,0.0,02,10822,.0000
02,NI,00000100002,31,10824,NULL,8.0,NULL,NULL,NULL,NULL,NULL,0.0,NULL,NULL,NULL,NULL,NULL,NULL,NULL,NULL,NULL,,NULL,NULL,NULL,NULL,NULL,NULL,01,NULL,NULL,NULL,NULL,NULL,NULL,NULL,BOLSAS PARA PIE 12 X 17,NULL,NULL,NULL,NULL,NULL,NULL,UN,NULL,,,0.0,02,NI,00000100002,31,10824,0.0,02,10824,.0000
02,NI,00000100002,32,10825,NULL,2500.0,NULL,NULL,NULL,NULL,NULL,0.0,NULL,NULL,NULL,NULL,NULL,NULL,NULL,NULL,NULL,,NULL,NULL,NULL,NULL,NULL,NULL,01,NULL,NULL,NULL,NULL,NULL,NULL,NULL,MANDILES AZULES,NULL,NULL,NULL,NULL,NULL,NULL,UN,NULL,,,0.0,02,NI,00000100002,32,10825,0.0,02,10825,.0000
02,NI,00000100002,33,10826,NULL,2210.0,NULL,NULL,NULL,NULL,NULL,0.0,NULL,NULL,NULL,NULL,NULL,NULL,NULL,NULL,NULL,,NULL,NULL,NULL,NULL,NULL,NULL,01,NULL,NULL,NULL,NULL,NULL,NULL,NULL,MANDILES BLANCOS,NULL,NULL,NULL,NULL,NULL,NULL,UN,NULL,,,0.0,02,NI,00000100002,33,10826,0.0,02,10826,.0000
02,NI,00000100002,34,10827,NULL,1715.0,NULL,NULL,NULL,NULL,NULL,0.0,NULL,NULL,NULL,NULL,NULL,NULL,NULL,NULL,NULL,,NULL,NULL,NULL,NULL,NULL,NULL,01,NULL,NULL,NULL,NULL,NULL,NULL,NULL,MANDILES ROJOS,NULL,NULL,NULL,NULL,NULL,NULL,UN,NULL,,,0.0,02,NI,00000100002,34,10827,0.0,02,10827,.0000
02,NI,00000100002,35,10881,NULL,1.0,NULL,NULL,NULL,NULL,NULL,0.0,NULL,NULL,NULL,NULL,NULL,NULL,NULL,NULL,NULL,,NULL,NULL,NULL,NULL,NULL,NULL,01,NULL,NULL,NULL,NULL,NULL,NULL,NULL,GASES REFRIGERANTES R22,NULL,NULL,NULL,NULL,NULL,NULL,UN,NULL,,,0.0,02,NI,00000100002,35,10881,0.0,02,10881,160.0000
02,NI,00000100002,37,10952,NULL,1.0,NULL,NULL,NULL,NULL,NULL,0.0,NULL,NULL,NULL,NULL,NULL,NULL,NULL,NULL,NULL,,NULL,NULL,NULL,NULL,NULL,NULL,01,NULL,NULL,NULL,NULL,NULL,NULL,NULL,CUADERNO PASTA GRUESA X 200 HJ.,NULL,NULL,NULL,NULL,NULL,NULL,UN,NULL,,,0.0,02,NI,00000100002,37,10952,0.0,02,10952,.0000
02,NI,00000100002,38,10954,NULL,4.0,NULL,NULL,NULL,NULL,NULL,0.0,NULL,NULL,NULL,NULL,NULL,NULL,NULL,NULL,NULL,,NULL,NULL,NULL,NULL,NULL,NULL,01,NULL,NULL,NULL,NULL,NULL,NULL,NULL,CUADERNO LIBRETA DE NOTAS,NULL,NULL,NULL,NULL,NULL,NULL,UN,NULL,,,0.0,02,NI,00000100002,38,10954,0.0,02,10954,1.0000
02,NI,00000100002,39,10955,NULL,15.0,NULL,NULL,NULL,NULL,NULL,0.0,NULL,NULL,NULL,NULL,NULL,NULL,NULL,NULL,NULL,,NULL,NULL,NULL,NULL,NULL,NULL,01,NULL,NULL,NULL,NULL,NULL,NULL,NULL,FOLDER PALANCA GRANDE,NULL,NULL,NULL,NULL,NULL,NULL,UN,NULL,,,0.0,02,NI,00000100002,39,10955,0.0,02,10955,3.9250
02,NI,00000100002,40,10958,NULL,96.0,NULL,NULL,NULL,NULL,NULL,0.0,NULL,NULL,NULL,NULL,NULL,NULL,NULL,NULL,NULL,,NULL,NULL,NULL,NULL,NULL,NULL,01,NULL,NULL,NULL,NULL,NULL,NULL,NULL,FOLDER MANILA A4,NULL,NULL,NULL,NULL,NULL,NULL,UN,NULL,,,0.0,02,NI,00000100002,40,10958,0.0,02,10958,.2150
02,NI,00000100005,1,10962,NULL,300.0,NULL,NULL,NULL,NULL,NULL,0.0,NULL,NULL,NULL,NULL,NULL,NULL,NULL,NULL,NULL,,NULL,NULL,NULL,NULL,NULL,NULL,01,NULL,NULL,NULL,NULL,NULL,NULL,NULL,SOBRE MANILA PARA PAGO,NULL,NULL,NULL,NULL,NULL,NULL,UN,NULL,,,0.0,02,NI,00000100005,1,10962,0.0,02,10962,.0410
02,NI,00000100002,41,10963,NULL,1.0,NULL,NULL,NULL,NULL,NULL,0.0,NULL,NULL,NULL,NULL,NULL,NULL,NULL,NULL,NULL,,NULL,NULL,NULL,NULL,NULL,NULL,01,NULL,NULL,NULL,NULL,NULL,NULL,NULL,CINTA SCOTCH GRANDE (PEGAFAN),NULL,NULL,NULL,NULL,NULL,NULL,UN,NULL,,,0.0,02,NI,00000100002,41,10963,0.0,02,10963,.0000
02,NI,00000100002,42,10964,NULL,2.0,NULL,NULL,NULL,NULL,NULL,0.0,NULL,NULL,NULL,NULL,NULL,NULL,NULL,NULL,NULL,,NULL,NULL,NULL,NULL,NULL,NULL,01,NULL,NULL,NULL,NULL,NULL,NULL,NULL,CINTA SCOTCH CHICO (PEGAFAN),NULL,NULL,NULL,NULL,NULL,NULL,UN,NULL,,,0.0,02,NI,00000100002,42,10964,0.0,02,10964,.0000
02,NI,00000100002,43,10966,NULL,6.0,NULL,NULL,NULL,NULL,NULL,0.0,NULL,NULL,NULL,NULL,NULL,NULL,NULL,NULL,NULL,,NULL,NULL,NULL,NULL,NULL,NULL,01,NULL,NULL,NULL,NULL,NULL,NULL,NULL,PAPEL LUSTRE (AZUL MARINO),NULL,NULL,NULL,NULL,NULL,NULL,UN,NULL,,,0.0,02,NI,00000100002,43,10966,0.0,02,10966,.0000
02,NI,00000100002,44,10967,NULL,1500.0,NULL,NULL,NULL,NULL,NULL,0.0,NULL,NULL,NULL,NULL,NULL,NULL,NULL,NULL,NULL,,NULL,NULL,NULL,NULL,NULL,NULL,01,NULL,NULL,NULL,NULL,NULL,NULL,NULL,PAPEL BOND A4,NULL,NULL,NULL,NULL,NULL,NULL,UN,NULL,,,0.0,02,NI,00000100002,44,10967,0.0,02,10967,.0000
02,NI,00000100002,45,10970,NULL,3.0,NULL,NULL,NULL,NULL,NULL,0.0,NULL,NULL,NULL,NULL,NULL,NULL,NULL,NULL,NULL,,NULL,NULL,NULL,NULL,NULL,NULL,01,NULL,NULL,NULL,NULL,NULL,NULL,NULL,VINIFAN TAMAÑO OFICIO,NULL,NULL,NULL,NULL,NULL,NULL,UN,NULL,,,0.0,02,NI,00000100002,45,10970,0.0,02,10970,.0000
02,NI,00000100003,2,10980,NULL,5.0,NULL,NULL,NULL,NULL,NULL,0.0,NULL,NULL,NULL,NULL,NULL,NULL,NULL,NULL,NULL,,NULL,NULL,NULL,NULL,NULL,NULL,01,NULL,NULL,NULL,NULL,NULL,NULL,NULL,CLIP X 100,NULL,NULL,NULL,NULL,NULL,NULL,UN,NULL,,,0.0,02,NI,00000100003,2,10980,0.0,02,10980,.0000
02,NI,00000100003,3,10985,NULL,4.0,NULL,NULL,NULL,NULL,NULL,0.0,NULL,NULL,NULL,NULL,NULL,NULL,NULL,NULL,NULL,,NULL,NULL,NULL,NULL,NULL,NULL,01,NULL,NULL,NULL,NULL,NULL,NULL,NULL,FASTER X 50,NULL,NULL,NULL,NULL,NULL,NULL,UN,NULL,,,0.0,02,NI,00000100003,3,10985,0.0,02,10985,.0000
02,NI,00000100003,4,10997,NULL,19.0,NULL,NULL,NULL,NULL,NULL,0.0,NULL,NULL,NULL,NULL,NULL,NULL,NULL,NULL,NULL,,NULL,NULL,NULL,NULL,NULL,NULL,01,NULL,NULL,NULL,NULL,NULL,NULL,NULL,PLUMON INDELEBRE NEGRO DE PUNTA GRUESA,NULL,NULL,NULL,NULL,NULL,NULL,UN,NULL,,,0.0,02,NI,00000100003,4,10997,0.0,02,10997,2.5500
02,NI,00000100003,5,10998,NULL,3.0,NULL,NULL,NULL,NULL,NULL,0.0,NULL,NULL,NULL,NULL,NULL,NULL,NULL,NULL,NULL,,NULL,NULL,NULL,NULL,NULL,NULL,01,NULL,NULL,NULL,NULL,NULL,NULL,NULL,PLUMON INDELEBLE PUNTA FINA AZUL,NULL,NULL,NULL,NULL,NULL,NULL,UN,NULL,,,0.0,02,NI,00000100003,5,10998,0.0,02,10998,.0000
02,NI,00000100003,6,11004,NULL,16.0,NULL,NULL,NULL,NULL,NULL,0.0,NULL,NULL,NULL,NULL,NULL,NULL,NULL,NULL,NULL,,NULL,NULL,NULL,NULL,NULL,NULL,01,NULL,NULL,NULL,NULL,NULL,NULL,NULL,TINTA INDELEBLE PARA TAMPON NEGRO,NULL,NULL,NULL,NULL,NULL,NULL,UN,NULL,,,0.0,02,NI,00000100003,6,11004,0.0,02,11004,.0000
02,NI,00000100003,7,11010,NULL,12.0,NULL,NULL,NULL,NULL,NULL,0.0,NULL,NULL,NULL,NULL,NULL,NULL,NULL,NULL,NULL,,NULL,NULL,NULL,NULL,NULL,NULL,01,NULL,NULL,NULL,NULL,NULL,NULL,NULL,COLA SINTETICA,NULL,NULL,NULL,NULL,NULL,NULL,UN,NULL,,,0.0,02,NI,00000100003,7,11010,0.0,02,11010,.0000
02,NI,00000100003,8,11019,NULL,6.0,NULL,NULL,NULL,NULL,NULL,0.0,NULL,NULL,NULL,NULL,NULL,NULL,NULL,NULL,NULL,,NULL,NULL,NULL,NULL,NULL,NULL,01,NULL,NULL,NULL,NULL,NULL,NULL,NULL,BORRADOR,NULL,NULL,NULL,NULL,NULL,NULL,UN,NULL,,,0.0,02,NI,00000100003,8,11019,0.0,02,11019,.0000
02,NI,00000100003,9,11021,NULL,1.0,NULL,NULL,NULL,NULL,NULL,0.0,NULL,NULL,NULL,NULL,NULL,NULL,NULL,NULL,NULL,,NULL,NULL,NULL,NULL,NULL,NULL,01,NULL,NULL,NULL,NULL,NULL,NULL,NULL,TAJADOR,NULL,NULL,NULL,NULL,NULL,NULL,UN,NULL,,,0.0,02,NI,00000100003,9,11021,0.0,02,11021,.0000
02,NI,00000100003,10,11026,NULL,2.0,NULL,NULL,NULL,NULL,NULL,0.0,NULL,NULL,NULL,NULL,NULL,NULL,NULL,NULL,NULL,,NULL,NULL,NULL,NULL,NULL,NULL,01,NULL,NULL,NULL,NULL,NULL,NULL,NULL,PEGAMENTO TRIZ,NULL,NULL,NULL,NULL,NULL,NULL,UN,NULL,,,0.0,02,NI,00000100003,10,11026,0.0,02,11026,.0000
02,NI,00000100006,1,11028,NULL,3.0,NULL,NULL,NULL,NULL,NULL,0.0,NULL,NULL,NULL,NULL,NULL,NULL,NULL,NULL,NULL,,NULL,NULL,NULL,NULL,NULL,NULL,01,NULL,NULL,NULL,NULL,NULL,NULL,NULL,LIGA,NULL,NULL,NULL,NULL,NULL,NULL,UN,NULL,,,0.0,02,NI,00000100006,1,11028,0.0,02,11028,.0000
02,NI,00000100003,11,11115,NULL,1.0,NULL,NULL,NULL,NULL,NULL,0.0,NULL,NULL,NULL,NULL,NULL,NULL,NULL,NULL,NULL,,NULL,NULL,NULL,NULL,NULL,NULL,01,NULL,NULL,NULL,NULL,NULL,NULL,NULL,CINTILLO PLASTICO 20CM - TRANSPARENTE,NULL,NULL,NULL,NULL,NULL,NULL,UN,NULL,,,0.0,02,NI,00000100003,11,11115,0.0,02,11115,1.0000
02,NI,00000100003,13,11156,NULL,5.0,NULL,NULL,NULL,NULL,NULL,0.0,NULL,NULL,NULL,NULL,NULL,NULL,NULL,NULL,NULL,,NULL,NULL,NULL,NULL,NULL,NULL,01,NULL,NULL,NULL,NULL,NULL,NULL,NULL,PANTALON POLAR BEIGE "M",NULL,NULL,NULL,NULL,NULL,NULL,UN,NULL,,,0.0,02,NI,00000100003,13,11156,0.0,02,11156,1.0000
02,NI,00000100003,14,11194,NULL,2.0,NULL,NULL,NULL,NULL,NULL,0.0,NULL,NULL,NULL,NULL,NULL,NULL,NULL,NULL,NULL,,NULL,NULL,NULL,NULL,NULL,NULL,01,NULL,NULL,NULL,NULL,NULL,NULL,NULL,BALANZA ELECTRONICA DIGITAL ,NULL,NULL,NULL,NULL,NULL,NULL,UN,NULL,,,0.0,02,NI,00000100003,14,11194,0.0,02,11194,476.0000
02,NI,00000100003,15,11254,NULL,2.0,NULL,NULL,NULL,NULL,NULL,0.0,NULL,NULL,NULL,NULL,NULL,NULL,NULL,NULL,NULL,,NULL,NULL,NULL,NULL,NULL,NULL,01,NULL,NULL,NULL,NULL,NULL,NULL,NULL,LOCKERS L-53 X 15 CASILLEROS,NULL,NULL,NULL,NULL,NULL,NULL,UN,NULL,,,0.0,02,NI,00000100003,15,11254,0.0,02,11254,.0000
02,NI,00000100003,16,11263,NULL,3.0,NULL,NULL,NULL,NULL,NULL,0.0,NULL,NULL,NULL,NULL,NULL,NULL,NULL,NULL,NULL,,NULL,NULL,NULL,NULL,NULL,NULL,01,NULL,NULL,NULL,NULL,NULL,NULL,NULL,PANTALON POLAR AZUL MARINO "M",NULL,NULL,NULL,NULL,NULL,NULL,UN,NULL,,,0.0,02,NI,00000100003,16,11263,0.0,02,11263,NULL
02,NI,00000100003,18,11299,NULL,2.0,NULL,NULL,NULL,NULL,NULL,0.0,NULL,NULL,NULL,NULL,NULL,NULL,NULL,NULL,NULL,,NULL,NULL,NULL,NULL,NULL,NULL,01,NULL,NULL,NULL,NULL,NULL,NULL,NULL,CINTILLO PLASTICO 30CM - TRANSPARENTE,NULL,NULL,NULL,NULL,NULL,NULL,UN,NULL,,,0.0,02,NI,00000100003,18,11299,0.0,02,11299,1.0000
02,NI,00000100003,19,11344,NULL,28.0,NULL,NULL,NULL,NULL,NULL,0.0,NULL,NULL,NULL,NULL,NULL,NULL,NULL,NULL,NULL,,NULL,NULL,NULL,NULL,NULL,NULL,01,NULL,NULL,NULL,NULL,NULL,NULL,NULL,PULSADOR VERDE ,NULL,NULL,NULL,NULL,NULL,NULL,UN,NULL,,,0.0,02,NI,00000100003,19,11344,0.0,02,11344,1.0000
02,NI,00000100003,20,11345,NULL,27.0,NULL,NULL,NULL,NULL,NULL,0.0,NULL,NULL,NULL,NULL,NULL,NULL,NULL,NULL,NULL,,NULL,NULL,NULL,NULL,NULL,NULL,01,NULL,NULL,NULL,NULL,NULL,NULL,NULL,PULSADOR ROJO ,NULL,NULL,NULL,NULL,NULL,NULL,UN,NULL,,,0.0,02,NI,00000100003,20,11345,0.0,02,11345,1.0000
